[
  {
    "id": "D001",
    "name": "Dr. Mehmet Kaya",
    "specialty": "Kardiyoloji",
    "department": "Kalp ve Damar Cerrahisi",
    "email": "mehmet.kaya@hastane.com",
    "phone": "+90 532 123 4567",
    "experience": 15,
    "education": "İstanbul Üniversitesi Tıp Fakültesi",
    "status": "Aktif",
    "shift": "Gündüz",
    "room": "K-101",
    "patients": 45,
    "rating": 4.8,
    "specializations": ["Kalp Bypass", "Anjiyoplasti", "Kalp Kapağı"],
    "joinDate": "2018-03-15",
    "avatar": "👨‍⚕️"
  },
  {
    "id": "D002",
    "name": "Dr. Ayşe Demir",
    "specialty": "Nöroloji",
    "department": "Beyin ve Sinir Cerrahisi",
    "email": "ayse.demir@hastane.com",
    "phone": "+90 533 234 5678",
    "experience": 12,
    "education": "Ankara Üniversitesi Tıp Fakültesi",
    "status": "Aktif",
    "shift": "Gece",
    "room": "N-205",
    "patients": 38,
    "rating": 4.9,
    "specializations": ["Epilepsi", "Beyin Tümörü", "Parkinson"],
    "joinDate": "2019-07-22",
    "avatar": "👩‍⚕️"
  },
  {
    "id": "D003",
    "name": "Dr. Ali Yılmaz",
    "specialty": "Ortopedi",
    "department": "Ortopedi ve Travmatoloji",
    "email": "ali.yilmaz@hastane.com",
    "phone": "+90 534 345 6789",
    "experience": 8,
    "education": "Ege Üniversitesi Tıp Fakültesi",
    "status": "Aktif",
    "shift": "Gündüz",
    "room": "O-112",
    "patients": 52,
    "rating": 4.7,
    "specializations": ["Kırık Tedavisi", "Eklem Protezi", "Spor Yaralanmaları"],
    "joinDate": "2020-01-10",
    "avatar": "👨‍⚕️"
  },
  {
    "id": "D004",
    "name": "Dr. Fatma Özkan",
    "specialty": "Pediatri",
    "department": "Çocuk Hastalıkları",
    "email": "fatma.ozkan@hastane.com",
    "phone": "+90 535 456 7890",
    "experience": 10,
    "education": "Hacettepe Üniversitesi Tıp Fakültesi",
    "status": "Aktif",
    "shift": "Gündüz",
    "room": "P-087",
    "patients": 73,
    "rating": 4.9,
    "specializations": ["Yenidoğan", "Çocuk Enfeksiyonları", "Aşılama"],
    "joinDate": "2019-09-05",
    "avatar": "👩‍⚕️"
  },
  {
    "id": "D005",
    "name": "Dr. Hasan Çelik",
    "specialty": "Anestezi",
    "department": "Anesteziyoloji",
    "email": "hasan.celik@hastane.com",
    "phone": "+90 536 567 8901",
    "experience": 18,
    "education": "Marmara Üniversitesi Tıp Fakültesi",
    "status": "Aktif",
    "shift": "24 Saat",
    "room": "A-003",
    "patients": 0,
    "rating": 4.6,
    "specializations": ["Genel Anestezi", "Lokal Anestezi", "Ağrı Tedavisi"],
    "joinDate": "2015-11-30",
    "avatar": "👨‍⚕️"
  },
  {
    "id": "D006",
    "name": "Dr. Zeynep Aktaş",
    "specialty": "Kadın Doğum",
    "department": "Jinekologi ve Obstetrik",
    "email": "zeynep.aktas@hastane.com",
    "phone": "+90 537 678 9012",
    "experience": 14,
    "education": "Dokuz Eylül Üniversitesi Tıp Fakültesi",
    "status": "İzinli",
    "shift": "Gündüz",
    "room": "G-144",
    "patients": 29,
    "rating": 4.8,
    "specializations": ["Doğum", "Jinekolojik Cerrahi", "İnfertilite"],
    "joinDate": "2017-04-18",
    "avatar": "👩‍⚕️"
  },
  {
    "id": "D007",
    "name": "Dr. Murat Korkmaz",
    "specialty": "Dahiliye",
    "department": "İç Hastalıkları",
    "email": "murat.korkmaz@hastane.com",
    "phone": "+90 538 789 0123",
    "experience": 20,
    "education": "Gazi Üniversitesi Tıp Fakültesi",
    "status": "Aktif",
    "shift": "Gündüz",
    "room": "D-076",
    "patients": 67,
    "rating": 4.7,
    "specializations": ["Diyabet", "Hipertansiyon", "Böbrek Hastalıkları"],
    "joinDate": "2014-08-12",
    "avatar": "👨‍⚕️"
  },
  {
    "id": "D008",
    "name": "Dr. Elif Yıldırım",
    "specialty": "Dermatoloji",
    "department": "Cildiye",
    "email": "elif.yildirim@hastane.com",
    "phone": "+90 539 890 1234",
    "experience": 6,
    "education": "Çukurova Üniversitesi Tıp Fakültesi",
    "status": "Aktif",
    "shift": "Gündüz",
    "room": "C-033",
    "patients": 41,
    "rating": 4.5,
    "specializations": ["Cilt Kanseri", "Estetik Dermatoloji", "Alerji"],
    "joinDate": "2021-02-28",
    "avatar": "👩‍⚕️"
  },
  {
    "id": "D009",
    "name": "Dr. Okan Şahin",
    "specialty": "Üroloji",
    "department": "Üroloji",
    "email": "okan.sahin@hastane.com",
    "phone": "+90 530 901 2345",
    "experience": 11,
    "education": "Akdeniz Üniversitesi Tıp Fakültesi",
    "status": "Aktif",
    "shift": "Gece",
    "room": "U-152",
    "patients": 34,
    "rating": 4.6,
    "specializations": ["Böbrek Taşı", "Prostat", "Erkek İnfertilitesi"],
    "joinDate": "2018-12-03",
    "avatar": "👨‍⚕️"
  },
  {
    "id": "D010",
    "name": "Dr. Selin Koç",
    "specialty": "Oftalmoloji",
    "department": "Göz Hastalıkları",
    "email": "selin.koc@hastane.com",
    "phone": "+90 531 012 3456",
    "experience": 7,
    "education": "Erciyes Üniversitesi Tıp Fakültesi",
    "status": "Aktif",
    "shift": "Gündüz",
    "room": "G-089",
    "patients": 48,
    "rating": 4.8,
    "specializations": ["Katarakt", "Retina", "Glokom"],
    "joinDate": "2020-06-15",
    "avatar": "👩‍⚕️"
  }
]
