[
  {
    "id": "P001",
    "name": "Ahmet",
    "surname": "Yılmaz",
    "age": 65,
    "gender": "Erkek",
    "tcNo": "12345678901",
    "phone": "0532 123 45 67",
    "address": "İstanbul, Kadıköy",
    "chronicDiseases": ["Hipertansiyon", "Diyabet Tip 2", "Koroner Arter Hastalığı"],
    "allergies": ["Penisilin", "Aspirin"],
    "medications": [
      {
        "id": "M001",
        "name": "Metformin 850mg",
        "dosage": "2x1",
        "startDate": "2023-01-15",
        "endDate": null,
        "prescribingDoctor": "Dr. Mehmet Kaya",
        "hospital": "İstanbul Tıp Fakültesi",
        "city": "İstanbul",
        "activeSubstance": "Metformin HCl"
      },
      {
        "id": "M002",
        "name": "Lisinopril 10mg",
        "dosage": "1x1",
        "startDate": "2023-02-01",
        "endDate": null,
        "prescribingDoctor": "Dr. Ayşe Demir",
        "hospital": "Kadıköy Devlet Hastanesi",
        "city": "İstanbul",
        "activeSubstance": "Lisinopril"
      },
      {
        "id": "M003",
        "name": "Atorvastatin 20mg",
        "dosage": "1x1",
        "startDate": "2023-03-10",
        "endDate": null,
        "prescribingDoctor": "Dr. Fatma Özkan",
        "hospital": "Ankara Şehir Hastanesi",
        "city": "Ankara",
        "activeSubstance": "Atorvastatin"
      }
    ],
    "labResults": [
      {
        "id": "L001",
        "testName": "HbA1c",
        "value": "7.2",
        "unit": "%",
        "date": "2023-12-01",
        "normalRange": "<7.0",
        "status": "Yüksek"
      },
      {
        "id": "L002",
        "testName": "Kolesterol Total",
        "value": "220",
        "unit": "mg/dL",
        "date": "2023-12-01",
        "normalRange": "<200",
        "status": "Yüksek"
      }
    ],
    "appointments": [
      {
        "id": "A001",
        "date": "2023-12-15",
        "doctor": "Dr. Mehmet Kaya",
        "department": "Endokrinoloji",
        "hospital": "İstanbul Tıp Fakültesi",
        "notes": "Diyabet kontrolü, ilaç dozajı ayarlanacak"
      }
    ],
    "surgeries": [
      {
        "id": "S001",
        "name": "Koroner Anjiyografi",
        "date": "2022-11-20",
        "hospital": "Ankara Şehir Hastanesi",
        "doctor": "Dr. Ali Veli",
        "notes": "Stent yerleştirildi"
      }
    ]
  },
  {
    "id": "P002",
    "name": "Fatma",
    "surname": "Kaya",
    "age": 45,
    "gender": "Kadın",
    "tcNo": "98765432109",
    "phone": "0533 987 65 43",
    "address": "Ankara, Çankaya",
    "chronicDiseases": ["Hipertansiyon", "Migren"],
    "allergies": ["İyot", "Lateks"],
    "medications": [
      {
        "id": "M004",
        "name": "Amlodipin 5mg",
        "dosage": "1x1",
        "startDate": "2023-06-01",
        "endDate": null,
        "prescribingDoctor": "Dr. Zeynep Ak",
        "hospital": "Ankara Şehir Hastanesi",
        "city": "Ankara",
        "activeSubstance": "Amlodipin Besilat"
      },
      {
        "id": "M005",
        "name": "Sumatriptan 50mg",
        "dosage": "Gerektiğinde",
        "startDate": "2023-08-15",
        "endDate": null,
        "prescribingDoctor": "Dr. Can Yılmaz",
        "hospital": "Hacettepe Üniversitesi",
        "city": "Ankara",
        "activeSubstance": "Sumatriptan"
      }
    ],
    "labResults": [
      {
        "id": "L003",
        "testName": "Kan Basıncı",
        "value": "140/90",
        "unit": "mmHg",
        "date": "2023-11-20",
        "normalRange": "<120/80",
        "status": "Yüksek"
      }
    ],
    "appointments": [
      {
        "id": "A002",
        "date": "2023-12-20",
        "doctor": "Dr. Zeynep Ak",
        "department": "Kardiyoloji",
        "hospital": "Ankara Şehir Hastanesi",
        "notes": "Hipertansiyon takibi"
      }
    ],
    "surgeries": []
  },
  {
    "id": "P003",
    "name": "Mehmet",
    "surname": "Özkan",
    "age": 72,
    "gender": "Erkek",
    "tcNo": "11223344556",
    "phone": "0534 555 66 77",
    "address": "İzmir, Konak",
    "chronicDiseases": ["KOAH", "Prostat Hiperplazisi", "Hipertansiyon"],
    "allergies": ["Sülfonamid"],
    "medications": [
      {
        "id": "M006",
        "name": "Salbutamol İnhaler",
        "dosage": "4x1",
        "startDate": "2023-04-01",
        "endDate": null,
        "prescribingDoctor": "Dr. Selma Yıldız",
        "hospital": "Ege Üniversitesi",
        "city": "İzmir",
        "activeSubstance": "Salbutamol"
      },
      {
        "id": "M007",
        "name": "Tamsulosin 0.4mg",
        "dosage": "1x1",
        "startDate": "2023-07-10",
        "endDate": null,
        "prescribingDoctor": "Dr. Burak Kılıç",
        "hospital": "İzmir Şehir Hastanesi",
        "city": "İzmir",
        "activeSubstance": "Tamsulosin HCl"
      },
      {
        "id": "M008",
        "name": "Ramipril 5mg",
        "dosage": "1x1",
        "startDate": "2023-09-05",
        "endDate": null,
        "prescribingDoctor": "Dr. Elif Şen",
        "hospital": "Dokuz Eylül Üniversitesi",
        "city": "İzmir",
        "activeSubstance": "Ramipril"
      }
    ],
    "labResults": [
      {
        "id": "L004",
        "testName": "PSA",
        "value": "4.5",
        "unit": "ng/mL",
        "date": "2023-11-15",
        "normalRange": "<4.0",
        "status": "Yüksek"
      }
    ],
    "appointments": [
      {
        "id": "A003",
        "date": "2023-12-25",
        "doctor": "Dr. Selma Yıldız",
        "department": "Göğüs Hastalıkları",
        "hospital": "Ege Üniversitesi",
        "notes": "KOAH kontrolü"
      }
    ],
    "surgeries": [
      {
        "id": "S002",
        "name": "Prostat Biyopsisi",
        "date": "2023-10-10",
        "hospital": "İzmir Şehir Hastanesi",
        "doctor": "Dr. Burak Kılıç",
        "notes": "Benign prostat hiperplazisi tespit edildi"
      }
    ]
  },
  {
    "id": "P004",
    "name": "Ayşe",
    "surname": "Demir",
    "age": 38,
    "gender": "Kadın",
    "tcNo": "55667788990",
    "phone": "0535 111 22 33",
    "address": "Bursa, Osmangazi",
    "chronicDiseases": ["Tiroid Hastalığı", "Anemi"],
    "allergies": ["İyot", "Demir"],
    "medications": [
      {
        "id": "M009",
        "name": "Levotiroksin 75mcg",
        "dosage": "1x1",
        "startDate": "2023-03-01",
        "endDate": null,
        "prescribingDoctor": "Dr. Gül Yılmaz",
        "hospital": "Uludağ Üniversitesi",
        "city": "Bursa",
        "activeSubstance": "Levotiroksin Sodyum"
      },
      {
        "id": "M010",
        "name": "Demir Sülfat 200mg",
        "dosage": "1x1",
        "startDate": "2023-08-20",
        "endDate": null,
        "prescribingDoctor": "Dr. Murat Ak",
        "hospital": "Bursa Şehir Hastanesi",
        "city": "Bursa",
        "activeSubstance": "Demir Sülfat"
      }
    ],
    "labResults": [
      {
        "id": "L005",
        "testName": "TSH",
        "value": "2.8",
        "unit": "mIU/L",
        "date": "2023-11-30",
        "normalRange": "0.4-4.0",
        "status": "Normal"
      },
      {
        "id": "L006",
        "testName": "Hemoglobin",
        "value": "11.5",
        "unit": "g/dL",
        "date": "2023-11-30",
        "normalRange": "12-16",
        "status": "Düşük"
      }
    ],
    "appointments": [
      {
        "id": "A004",
        "date": "2023-12-30",
        "doctor": "Dr. Gül Yılmaz",
        "department": "Endokrinoloji",
        "hospital": "Uludağ Üniversitesi",
        "notes": "Tiroid fonksiyon testleri"
      }
    ],
    "surgeries": []
  },
  {
    "id": "P005",
    "name": "Mustafa",
    "surname": "Şen",
    "age": 55,
    "gender": "Erkek",
    "tcNo": "99887766554",
    "phone": "0536 444 55 66",
    "address": "Antalya, Muratpaşa",
    "chronicDiseases": ["Diyabet Tip 2", "Nefropati", "Retinopati"],
    "allergies": ["Metformin"],
    "medications": [
      {
        "id": "M011",
        "name": "Gliclazide 80mg",
        "dosage": "2x1",
        "startDate": "2023-01-10",
        "endDate": null,
        "prescribingDoctor": "Dr. Sibel Korkmaz",
        "hospital": "Akdeniz Üniversitesi",
        "city": "Antalya",
        "activeSubstance": "Gliclazide"
      },
      {
        "id": "M012",
        "name": "Insulin Glargine",
        "dosage": "20 ünite",
        "startDate": "2023-05-15",
        "endDate": null,
        "prescribingDoctor": "Dr. Hasan Yıldırım",
        "hospital": "Antalya Eğitim ve Araştırma Hastanesi",
        "city": "Antalya",
        "activeSubstance": "Insulin Glargine"
      },
      {
        "id": "M013",
        "name": "Enalapril 10mg",
        "dosage": "1x1",
        "startDate": "2023-07-01",
        "endDate": null,
        "prescribingDoctor": "Dr. Sibel Korkmaz",
        "hospital": "Akdeniz Üniversitesi",
        "city": "Antalya",
        "activeSubstance": "Enalapril Maleat"
      }
    ],
    "labResults": [
      {
        "id": "L007",
        "testName": "HbA1c",
        "value": "8.5",
        "unit": "%",
        "date": "2023-12-05",
        "normalRange": "<7.0",
        "status": "Yüksek"
      },
      {
        "id": "L008",
        "testName": "Kreatinin",
        "value": "1.8",
        "unit": "mg/dL",
        "date": "2023-12-05",
        "normalRange": "0.7-1.3",
        "status": "Yüksek"
      }
    ],
    "appointments": [
      {
        "id": "A005",
        "date": "2023-12-28",
        "doctor": "Dr. Sibel Korkmaz",
        "department": "Endokrinoloji",
        "hospital": "Akdeniz Üniversitesi",
        "notes": "Diyabet komplikasyonları takibi"
      }
    ],
    "surgeries": [
      {
        "id": "S003",
        "name": "Laser Fotokoagülasyon",
        "date": "2023-09-15",
        "hospital": "Antalya Eğitim ve Araştırma Hastanesi",
        "doctor": "Dr. Emre Özkan",
        "notes": "Diyabetik retinopati tedavisi"
      }
    ]
  }
]
